INSERT INTO `s_order` (`id`, `ordernumber`, `userID`, `invoice_amount`, `invoice_amount_net`, `invoice_shipping`, `invoice_shipping_net`, `invoice_shipping_tax_rate`, `ordertime`, `status`, `cleared`, `paymentID`, `transactionID`, `comment`, `customercomment`, `internalcomment`, `net`, `taxfree`, `partnerID`, `temporaryID`, `referer`, `cleareddate`, `trackingcode`, `language`, `dispatchID`, `currency`, `currencyFactor`, `subshopID`, `remote_addr`, `deviceType`, `is_proportional_calculation`, `changed`) VALUES
(59,	'20003',	1,	41.85,	35.17,	3.9,	3.28,	19,	'2021-10-08 08:22:39',	0,	17,	5,	'',	'',	'',	'',	0,	0,	'',	'',	'',	NULL,	'',	'1',	9,	'EUR',	1,	1,	'172.19.0.0',	'desktop',	0,	'2021-10-08 08:22:39'),
(61,	'20004',	1,	41.85,	35.17,	3.9,	3.28,	19,	'2021-10-08 08:27:01',	0,	17,	5,	'',	'',	'',	'',	0,	0,	'',	'',	'',	NULL,	'',	'1',	9,	'EUR',	1,	1,	'172.19.0.0',	'desktop',	0,	'2021-10-08 08:27:01'),
(63,	'20005',	1,	21.85,	18.36,	3.9,	3.28,	19,	'2021-10-08 08:31:01',	0,	17,	5,	'',	'',	'',	'',	0,	0,	'',	'',	'',	NULL,	'',	'1',	9,	'EUR',	1,	1,	'172.19.0.0',	'desktop',	0,	'2021-10-08 08:31:01'),
(65,	'20006',	1,	26.89,	22.6,	3.9,	3.28,	19,	'2021-10-08 08:31:43',	0,	17,	5,	'',	'',	'',	'',	0,	0,	'',	'',	'',	NULL,	'',	'1',	9,	'EUR',	1,	1,	'172.19.0.0',	'desktop',	0,	'2021-10-08 08:31:43'),
(67,	'20007',	1,	23.47,	21.93,	3.9,	3.64,	7,	'2021-10-08 08:32:15',	0,	17,	5,	'',	'',	'',	'',	0,	0,	'',	'',	'',	NULL,	'',	'1',	9,	'EUR',	1,	1,	'172.19.0.0',	'desktop',	0,	'2021-10-08 08:32:15'),
(69,	'20008',	1,	11.39,	10.64,	3.9,	3.64,	7,	'2021-10-08 08:33:46',	0,	17,	5,	'',	'',	'',	'',	0,	0,	'',	'',	'',	NULL,	'',	'1',	9,	'EUR',	1,	1,	'172.19.0.0',	'desktop',	0,	'2021-10-08 08:33:46'),
(71,	'20009',	1,	14.89,	12.51,	3.9,	3.28,	19,	'2021-10-08 08:34:22',	0,	17,	5,	'',	'',	'',	'',	0,	0,	'',	'',	'',	NULL,	'',	'1',	9,	'EUR',	1,	1,	'172.19.0.0',	'desktop',	0,	'2021-10-08 08:34:22'),
(73,	'20010',	1,	201.89,	169.66,	3.9,	3.28,	19,	'2021-10-08 08:35:22',	0,	17,	5,	'',	'',	'',	'',	0,	0,	'',	'',	'',	NULL,	'',	'1',	9,	'EUR',	1,	1,	'172.19.0.0',	'desktop',	0,	'2021-10-08 08:35:22'),
(75,	'20011',	1,	76.89,	64.62,	3.9,	3.28,	19,	'2021-10-08 08:38:56',	0,	17,	5,	'',	'',	'',	'',	0,	0,	'',	'',	'',	NULL,	'',	'1',	9,	'EUR',	1,	1,	'172.19.0.0',	'desktop',	0,	'2021-10-08 08:38:56'),
(77,	'20012',	1,	39.89,	33.52,	3.9,	3.28,	19,	'2021-10-08 08:39:25',	0,	17,	5,	'',	'',	'',	'',	0,	0,	'',	'',	'',	NULL,	'',	'1',	9,	'EUR',	1,	1,	'172.19.0.0',	'desktop',	0,	'2021-10-08 08:39:25'),
(79,	'20013',	1,	37.85,	31.81,	3.9,	3.28,	19,	'2021-10-08 08:40:41',	0,	17,	5,	'',	'',	'',	'',	0,	0,	'',	'',	'',	NULL,	'',	'1',	9,	'EUR',	1,	1,	'172.19.0.0',	'desktop',	0,	'2021-10-08 08:40:41'),
(81,	'20014',	1,	61.89,	52.01,	3.9,	3.28,	19,	'2021-10-08 08:41:04',	0,	17,	5,	'',	'',	'',	'',	0,	0,	'',	'',	'',	NULL,	'',	'1',	9,	'EUR',	1,	1,	'172.19.0.0',	'desktop',	0,	'2021-10-08 08:41:04'),
(83,	'20015',	1,	46.89,	39.41,	3.9,	3.28,	19,	'2021-10-08 08:41:27',	0,	17,	5,	'',	'',	'',	'',	0,	0,	'',	'',	'',	NULL,	'',	'1',	9,	'EUR',	1,	1,	'172.19.0.0',	'desktop',	0,	'2021-10-08 08:41:27'),
(85,	'20016',	1,	51.89,	43.61,	3.9,	3.28,	19,	'2021-10-08 08:41:54',	0,	17,	5,	'',	'',	'',	'',	0,	0,	'',	'',	'',	NULL,	'',	'1',	9,	'EUR',	1,	1,	'172.19.0.0',	'desktop',	0,	'2021-10-08 08:41:54'),
(87,	'20017',	1,	151.89,	127.64,	3.9,	3.28,	19,	'2021-10-08 08:42:25',	0,	17,	5,	'',	'',	'',	'',	0,	0,	'',	'',	'',	NULL,	'',	'1',	9,	'EUR',	1,	1,	'172.19.0.0',	'desktop',	0,	'2021-10-08 08:42:25'),
(89,	'20018',	1,	36.9,	31.01,	3.9,	3.28,	19,	'2021-10-08 08:43:03',	0,	17,	5,	'',	'',	'',	'',	0,	0,	'',	'',	'',	NULL,	'',	'1',	9,	'EUR',	1,	1,	'172.19.0.0',	'desktop',	0,	'2021-10-08 08:43:03');

INSERT INTO `s_order_attributes` (`id`, `orderID`, `attribute1`, `attribute2`, `attribute3`, `attribute4`, `attribute5`, `attribute6`) VALUES
(4,	59,	NULL,	NULL,	NULL,	NULL,	NULL,	NULL),
(6,	61,	NULL,	NULL,	NULL,	NULL,	NULL,	NULL),
(8,	63,	NULL,	NULL,	NULL,	NULL,	NULL,	NULL),
(10,	65,	NULL,	NULL,	NULL,	NULL,	NULL,	NULL),
(12,	67,	NULL,	NULL,	NULL,	NULL,	NULL,	NULL),
(14,	69,	NULL,	NULL,	NULL,	NULL,	NULL,	NULL),
(16,	71,	NULL,	NULL,	NULL,	NULL,	NULL,	NULL),
(18,	73,	NULL,	NULL,	NULL,	NULL,	NULL,	NULL),
(20,	75,	NULL,	NULL,	NULL,	NULL,	NULL,	NULL),
(22,	77,	NULL,	NULL,	NULL,	NULL,	NULL,	NULL),
(24,	79,	NULL,	NULL,	NULL,	NULL,	NULL,	NULL),
(26,	81,	NULL,	NULL,	NULL,	NULL,	NULL,	NULL),
(28,	83,	NULL,	NULL,	NULL,	NULL,	NULL,	NULL),
(30,	85,	NULL,	NULL,	NULL,	NULL,	NULL,	NULL),
(32,	87,	NULL,	NULL,	NULL,	NULL,	NULL,	NULL),
(34,	89,	NULL,	NULL,	NULL,	NULL,	NULL,	NULL);

INSERT INTO `s_order_billingaddress` (`id`, `userID`, `orderID`, `company`, `department`, `salutation`, `customernumber`, `firstname`, `lastname`, `street`, `zipcode`, `city`, `phone`, `countryID`, `stateID`, `ustid`, `additional_address_line1`, `additional_address_line2`, `title`) VALUES
(3,	1,	59,	'Muster GmbH',	'',	'mr',	'20001',	'Max',	'Mustermann',	'Musterstr. 55',	'55555',	'Musterhausen',	'05555 / 555555',	2,	3,	NULL,	NULL,	NULL,	NULL),
(4,	1,	61,	'Muster GmbH',	'',	'mr',	'20001',	'Max',	'Mustermann',	'Musterstr. 55',	'55555',	'Musterhausen',	'05555 / 555555',	2,	3,	NULL,	NULL,	NULL,	NULL),
(5,	1,	63,	'Muster GmbH',	'',	'mr',	'20001',	'Max',	'Mustermann',	'Musterstr. 55',	'55555',	'Musterhausen',	'05555 / 555555',	2,	3,	NULL,	NULL,	NULL,	NULL),
(6,	1,	65,	'Muster GmbH',	'',	'mr',	'20001',	'Max',	'Mustermann',	'Musterstr. 55',	'55555',	'Musterhausen',	'05555 / 555555',	2,	3,	NULL,	NULL,	NULL,	NULL),
(7,	1,	67,	'Muster GmbH',	'',	'mr',	'20001',	'Max',	'Mustermann',	'Musterstr. 55',	'55555',	'Musterhausen',	'05555 / 555555',	2,	3,	NULL,	NULL,	NULL,	NULL),
(8,	1,	69,	'Muster GmbH',	'',	'mr',	'20001',	'Max',	'Mustermann',	'Musterstr. 55',	'55555',	'Musterhausen',	'05555 / 555555',	2,	3,	NULL,	NULL,	NULL,	NULL),
(9,	1,	71,	'Muster GmbH',	'',	'mr',	'20001',	'Max',	'Mustermann',	'Musterstr. 55',	'55555',	'Musterhausen',	'05555 / 555555',	2,	3,	NULL,	NULL,	NULL,	NULL),
(10,	1,	73,	'Muster GmbH',	'',	'mr',	'20001',	'Max',	'Mustermann',	'Musterstr. 55',	'55555',	'Musterhausen',	'05555 / 555555',	2,	3,	NULL,	NULL,	NULL,	NULL),
(11,	1,	75,	'Muster GmbH',	'',	'mr',	'20001',	'Max',	'Mustermann',	'Musterstr. 55',	'55555',	'Musterhausen',	'05555 / 555555',	2,	3,	NULL,	NULL,	NULL,	NULL),
(12,	1,	77,	'Muster GmbH',	'',	'mr',	'20001',	'Max',	'Mustermann',	'Musterstr. 55',	'55555',	'Musterhausen',	'05555 / 555555',	2,	3,	NULL,	NULL,	NULL,	NULL),
(13,	1,	79,	'Muster GmbH',	'',	'mr',	'20001',	'Max',	'Mustermann',	'Musterstr. 55',	'55555',	'Musterhausen',	'05555 / 555555',	2,	3,	NULL,	NULL,	NULL,	NULL),
(14,	1,	81,	'Muster GmbH',	'',	'mr',	'20001',	'Max',	'Mustermann',	'Musterstr. 55',	'55555',	'Musterhausen',	'05555 / 555555',	2,	3,	NULL,	NULL,	NULL,	NULL),
(15,	1,	83,	'Muster GmbH',	'',	'mr',	'20001',	'Max',	'Mustermann',	'Musterstr. 55',	'55555',	'Musterhausen',	'05555 / 555555',	2,	3,	NULL,	NULL,	NULL,	NULL),
(16,	1,	85,	'Muster GmbH',	'',	'mr',	'20001',	'Max',	'Mustermann',	'Musterstr. 55',	'55555',	'Musterhausen',	'05555 / 555555',	2,	3,	NULL,	NULL,	NULL,	NULL),
(17,	1,	87,	'Muster GmbH',	'',	'mr',	'20001',	'Max',	'Mustermann',	'Musterstr. 55',	'55555',	'Musterhausen',	'05555 / 555555',	2,	3,	NULL,	NULL,	NULL,	NULL),
(18,	1,	89,	'Muster GmbH',	'',	'mr',	'20001',	'Max',	'Mustermann',	'Musterstr. 55',	'55555',	'Musterhausen',	'05555 / 555555',	2,	3,	NULL,	NULL,	NULL,	NULL);

INSERT INTO `s_order_details` (`id`, `orderID`, `ordernumber`, `articleID`, `articleordernumber`, `price`, `quantity`, `name`, `status`, `shipped`, `shippedgroup`, `releasedate`, `modus`, `esdarticle`, `taxID`, `tax_rate`, `config`, `ean`, `unit`, `pack_unit`, `articleDetailID`) VALUES
(208,	59,	'20003',	170,	'SW10170',	39.95,	1,	'Sonnenbrille \"Red\"',	0,	0,	0,	'0000-00-00',	0,	0,	1,	19,	'',	'',	'',	'',	394),
(209,	59,	'20003',	0,	'SHIPPINGDISCOUNT',	-2,	1,	'Warenkorbrabatt',	0,	0,	0,	'0000-00-00',	4,	0,	0,	19,	'',	'',	'',	'',	NULL),
(212,	61,	'20004',	213,	'SW10211',	39.95,	1,	'Surfbrett',	0,	0,	0,	'0000-00-00',	0,	0,	1,	19,	'',	'',	'',	'Stück',	751),
(213,	61,	'20004',	0,	'SHIPPINGDISCOUNT',	-2,	1,	'Warenkorbrabatt',	0,	0,	0,	'0000-00-00',	4,	0,	0,	19,	'',	'',	'',	'',	NULL),
(216,	63,	'20005',	178,	'SW10178',	19.95,	1,	'Strandtuch \"Ibiza\"',	0,	0,	0,	'0000-00-00',	0,	0,	1,	19,	'',	'',	'',	'Stück',	407),
(217,	63,	'20005',	0,	'SHIPPINGDISCOUNT',	-2,	1,	'Warenkorbrabatt',	0,	0,	0,	'0000-00-00',	4,	0,	0,	19,	'',	'',	'',	'',	NULL),
(220,	65,	'20006',	9,	'SW10009',	24.99,	1,	'Special Finish Lagerkorn X.O. 32%',	0,	0,	0,	'0000-00-00',	0,	0,	1,	19,	'',	'',	'Liter',	'Flaschen(n)',	15),
(221,	65,	'20006',	0,	'SHIPPINGDISCOUNT',	-2,	1,	'Warenkorbrabatt',	0,	0,	0,	'0000-00-00',	4,	0,	0,	19,	'',	'',	'',	'',	NULL),
(224,	67,	'20007',	37,	'SW10036',	21.57,	1,	'Esslack',	0,	0,	0,	'0000-00-00',	0,	0,	4,	7,	'',	'',	'',	'',	43),
(225,	67,	'20007',	0,	'SHIPPINGDISCOUNT',	-2,	1,	'Warenkorbrabatt',	0,	0,	0,	'0000-00-00',	4,	0,	0,	7,	'',	'',	'',	'',	NULL),
(229,	69,	'20008',	44,	'SW10043',	4.49,	1,	'Bienenkleber',	0,	0,	0,	'0000-00-00',	0,	0,	4,	7,	'',	'',	'',	'',	50),
(230,	69,	'20008',	0,	'SHIPPINGDISCOUNT',	-2,	1,	'Warenkorbrabatt',	0,	0,	0,	'0000-00-00',	4,	0,	0,	7,	'',	'',	'',	'',	NULL),
(231,	69,	'20008',	0,	'sw-surcharge',	5,	1,	'Mindermengenzuschlag',	0,	0,	0,	'0000-00-00',	4,	0,	0,	7,	'',	'',	'',	'',	NULL),
(235,	71,	'20009',	80,	'SW10081',	7.99,	1,	'Backform gelb',	0,	0,	0,	'0000-00-00',	0,	0,	1,	19,	'',	'',	'',	'',	143),
(236,	71,	'20009',	0,	'SHIPPINGDISCOUNT',	-2,	1,	'Warenkorbrabatt',	0,	0,	0,	'0000-00-00',	4,	0,	0,	19,	'',	'',	'',	'',	NULL),
(237,	71,	'20009',	0,	'sw-surcharge',	5,	1,	'Mindermengenzuschlag',	0,	0,	0,	'0000-00-00',	4,	0,	0,	19,	'',	'',	'',	'',	NULL),
(240,	73,	'20010',	67,	'SW10066',	199.99,	1,	'antike Kommode',	0,	0,	0,	'0000-00-00',	0,	0,	1,	19,	'',	'',	'',	'Stück',	130),
(241,	73,	'20010',	0,	'SHIPPINGDISCOUNT',	-2,	1,	'Warenkorbrabatt',	0,	0,	0,	'0000-00-00',	4,	0,	0,	19,	'',	'',	'',	'',	NULL),
(244,	75,	'20011',	74,	'SW10075',	74.99,	1,	'Stuhl',	0,	0,	0,	'0000-00-00',	0,	0,	1,	19,	'',	'',	'',	'Stück',	137),
(245,	75,	'20011',	0,	'SHIPPINGDISCOUNT',	-2,	1,	'Warenkorbrabatt',	0,	0,	0,	'0000-00-00',	4,	0,	0,	19,	'',	'',	'',	'',	NULL),
(248,	77,	'20012',	64,	'SW10063',	37.99,	1,	'Briefkasten',	0,	0,	0,	'0000-00-00',	0,	0,	1,	19,	'',	'',	'',	'Stück',	127),
(249,	77,	'20012',	0,	'SHIPPINGDISCOUNT',	-2,	1,	'Warenkorbrabatt',	0,	0,	0,	'0000-00-00',	4,	0,	0,	19,	'',	'',	'',	'',	NULL),
(252,	79,	'20013',	6,	'SW10006',	35.95,	1,	'Cigar Special 40%',	0,	0,	0,	'0000-00-00',	0,	0,	1,	19,	'',	'',	'Liter',	'Flasche(n)',	6),
(253,	79,	'20013',	0,	'SHIPPINGDISCOUNT',	-2,	1,	'Warenkorbrabatt',	0,	0,	0,	'0000-00-00',	4,	0,	0,	19,	'',	'',	'',	'',	NULL),
(256,	81,	'20014',	137,	'SW10137',	59.99,	1,	'Fahrerbrille Chronos',	0,	0,	0,	'0000-00-00',	0,	0,	1,	19,	'',	'',	'',	'',	281),
(257,	81,	'20014',	0,	'SHIPPINGDISCOUNT',	-2,	1,	'Warenkorbrabatt',	0,	0,	0,	'0000-00-00',	4,	0,	0,	19,	'',	'',	'',	'',	NULL),
(260,	83,	'20015',	142,	'SW10142',	44.99,	1,	'Herrenhandschuh,halbfinger aus Peccary Leder',	0,	0,	0,	'0000-00-00',	0,	0,	1,	19,	'',	'',	'',	'',	289),
(261,	83,	'20015',	0,	'SHIPPINGDISCOUNT',	-2,	1,	'Warenkorbrabatt',	0,	0,	0,	'0000-00-00',	4,	0,	0,	19,	'',	'',	'',	'',	NULL),
(264,	85,	'20016',	134,	'SW10134',	49.99,	1,	'Balmoral Flatcap Tweed',	0,	0,	0,	'0000-00-00',	0,	0,	1,	19,	'',	'',	'',	'',	278),
(265,	85,	'20016',	0,	'SHIPPINGDISCOUNT',	-2,	1,	'Warenkorbrabatt',	0,	0,	0,	'0000-00-00',	4,	0,	0,	19,	'',	'',	'',	'',	NULL),
(268,	87,	'20017',	148,	'SW10148',	149.99,	1,	'Reisetasche Gladstone Wildleder',	0,	0,	0,	'0000-00-00',	0,	0,	1,	19,	'',	'',	'',	'',	295),
(269,	87,	'20017',	0,	'SHIPPINGDISCOUNT',	-2,	1,	'Warenkorbrabatt',	0,	0,	0,	'0000-00-00',	4,	0,	0,	19,	'',	'',	'',	'',	NULL),
(272,	89,	'20018',	24,	'SW10023',	35,	1,	'Glas-Teekännchen',	0,	0,	0,	'0000-00-00',	0,	0,	1,	19,	'',	'',	'',	'Stück',	30),
(273,	89,	'20018',	0,	'SHIPPINGDISCOUNT',	-2,	1,	'Warenkorbrabatt',	0,	0,	0,	'0000-00-00',	4,	0,	0,	19,	'',	'',	'',	'',	NULL);

INSERT INTO `s_order_details_attributes` (`id`, `detailID`, `attribute1`, `attribute2`, `attribute3`, `attribute4`, `attribute5`, `attribute6`) VALUES
(11,	208,	'',	NULL,	NULL,	NULL,	NULL,	NULL),
(12,	209,	NULL,	NULL,	NULL,	NULL,	NULL,	NULL),
(15,	212,	'',	NULL,	NULL,	NULL,	NULL,	NULL),
(16,	213,	NULL,	NULL,	NULL,	NULL,	NULL,	NULL),
(19,	216,	'',	NULL,	NULL,	NULL,	NULL,	NULL),
(20,	217,	NULL,	NULL,	NULL,	NULL,	NULL,	NULL),
(23,	220,	'',	NULL,	NULL,	NULL,	NULL,	NULL),
(24,	221,	NULL,	NULL,	NULL,	NULL,	NULL,	NULL),
(27,	224,	'',	NULL,	NULL,	NULL,	NULL,	NULL),
(28,	225,	NULL,	NULL,	NULL,	NULL,	NULL,	NULL),
(32,	229,	'',	NULL,	NULL,	NULL,	NULL,	NULL),
(33,	230,	NULL,	NULL,	NULL,	NULL,	NULL,	NULL),
(34,	231,	NULL,	NULL,	NULL,	NULL,	NULL,	NULL),
(38,	235,	'',	NULL,	NULL,	NULL,	NULL,	NULL),
(39,	236,	NULL,	NULL,	NULL,	NULL,	NULL,	NULL),
(40,	237,	NULL,	NULL,	NULL,	NULL,	NULL,	NULL),
(43,	240,	'',	NULL,	NULL,	NULL,	NULL,	NULL),
(44,	241,	NULL,	NULL,	NULL,	NULL,	NULL,	NULL),
(47,	244,	'',	NULL,	NULL,	NULL,	NULL,	NULL),
(48,	245,	NULL,	NULL,	NULL,	NULL,	NULL,	NULL),
(51,	248,	'',	NULL,	NULL,	NULL,	NULL,	NULL),
(52,	249,	NULL,	NULL,	NULL,	NULL,	NULL,	NULL),
(55,	252,	'',	NULL,	NULL,	NULL,	NULL,	NULL),
(56,	253,	NULL,	NULL,	NULL,	NULL,	NULL,	NULL),
(59,	256,	'',	NULL,	NULL,	NULL,	NULL,	NULL),
(60,	257,	NULL,	NULL,	NULL,	NULL,	NULL,	NULL),
(63,	260,	'',	NULL,	NULL,	NULL,	NULL,	NULL),
(64,	261,	NULL,	NULL,	NULL,	NULL,	NULL,	NULL),
(67,	264,	'',	NULL,	NULL,	NULL,	NULL,	NULL),
(68,	265,	NULL,	NULL,	NULL,	NULL,	NULL,	NULL),
(71,	268,	'',	NULL,	NULL,	NULL,	NULL,	NULL),
(72,	269,	NULL,	NULL,	NULL,	NULL,	NULL,	NULL),
(75,	272,	'',	NULL,	NULL,	NULL,	NULL,	NULL),
(76,	273,	NULL,	NULL,	NULL,	NULL,	NULL,	NULL);

INSERT INTO `s_order_shippingaddress` (`id`, `userID`, `orderID`, `company`, `department`, `salutation`, `firstname`, `lastname`, `street`, `zipcode`, `city`, `phone`, `countryID`, `stateID`, `additional_address_line1`, `additional_address_line2`, `title`) VALUES
(3,	1,	59,	'shopware AG',	'',	'mr',	'Max',	'Mustermann',	'Mustermannstraße 92',	'48624',	'Schöppingen',	'',	2,	NULL,	'',	'',	''),
(4,	1,	61,	'shopware AG',	'',	'mr',	'Max',	'Mustermann',	'Mustermannstraße 92',	'48624',	'Schöppingen',	'',	2,	NULL,	'',	'',	''),
(5,	1,	63,	'shopware AG',	'',	'mr',	'Max',	'Mustermann',	'Mustermannstraße 92',	'48624',	'Schöppingen',	'',	2,	NULL,	'',	'',	''),
(6,	1,	65,	'shopware AG',	'',	'mr',	'Max',	'Mustermann',	'Mustermannstraße 92',	'48624',	'Schöppingen',	'',	2,	NULL,	'',	'',	''),
(7,	1,	67,	'shopware AG',	'',	'mr',	'Max',	'Mustermann',	'Mustermannstraße 92',	'48624',	'Schöppingen',	'',	2,	NULL,	'',	'',	''),
(8,	1,	69,	'shopware AG',	'',	'mr',	'Max',	'Mustermann',	'Mustermannstraße 92',	'48624',	'Schöppingen',	'',	2,	NULL,	'',	'',	''),
(9,	1,	71,	'shopware AG',	'',	'mr',	'Max',	'Mustermann',	'Mustermannstraße 92',	'48624',	'Schöppingen',	'',	2,	NULL,	'',	'',	''),
(10,	1,	73,	'shopware AG',	'',	'mr',	'Max',	'Mustermann',	'Mustermannstraße 92',	'48624',	'Schöppingen',	'',	2,	NULL,	'',	'',	''),
(11,	1,	75,	'shopware AG',	'',	'mr',	'Max',	'Mustermann',	'Mustermannstraße 92',	'48624',	'Schöppingen',	'',	2,	NULL,	'',	'',	''),
(12,	1,	77,	'shopware AG',	'',	'mr',	'Max',	'Mustermann',	'Mustermannstraße 92',	'48624',	'Schöppingen',	'',	2,	NULL,	'',	'',	''),
(13,	1,	79,	'shopware AG',	'',	'mr',	'Max',	'Mustermann',	'Mustermannstraße 92',	'48624',	'Schöppingen',	'',	2,	NULL,	'',	'',	''),
(14,	1,	81,	'shopware AG',	'',	'mr',	'Max',	'Mustermann',	'Mustermannstraße 92',	'48624',	'Schöppingen',	'',	2,	NULL,	'',	'',	''),
(15,	1,	83,	'shopware AG',	'',	'mr',	'Max',	'Mustermann',	'Mustermannstraße 92',	'48624',	'Schöppingen',	'',	2,	NULL,	'',	'',	''),
(16,	1,	85,	'shopware AG',	'',	'mr',	'Max',	'Mustermann',	'Mustermannstraße 92',	'48624',	'Schöppingen',	'',	2,	NULL,	'',	'',	''),
(17,	1,	87,	'shopware AG',	'',	'mr',	'Max',	'Mustermann',	'Mustermannstraße 92',	'48624',	'Schöppingen',	'',	2,	NULL,	'',	'',	''),
(18,	1,	89,	'shopware AG',	'',	'mr',	'Max',	'Mustermann',	'Mustermannstraße 92',	'48624',	'Schöppingen',	'',	2,	NULL,	'',	'',	'');
